username,attention_score
0x_xifeng,3789.564622967542
0xAllen888,1492.95794443097
0xandrewxyz,77.30781270579668
0xAzin,142.46404902951102
0xdahua,1009.5408265537116
0xdenys_,69.79548382346599
0xham3d_eth,168.40447276240064
0xKingsKuan,959.1242878087012
0xobsessed,708.0231776893551
0xxNathan,2222.2538507820823
0xzhaozhao,1902.2422013192388
10000BRC,657.2916593263772
_sonji,647.4240522958227
a1research__,1899.8402810284292
AirBeeHoliday,12.215658306136902
angelataptos,140.82767223541487
anymose96,4723.841256107535
APTopia_xyz,175.25065902291155
aptos_ape,236.62116778572
armaniferrante,5418.992097987679
AveryChing,2061.5700159051166
Baili1018,897.558713559633
beingRich2000,1077.8922527042444
blackbeardXBT,933.2198067477624
blockTVBee,3474.1234529343724
BuzzlamicJihad,1460.763424919035
chainyoda,15620.741647354853
chaozuoye,995.7852064037436
charles48011843,1984.1614664987003
chimex_apt,33.53767617908135
colu_farmer,1063.970866665168
DAXIAGUA1,1176.7549326175051
DeFiDecoder_,424.58605288273645
Deguywithstyle,105.02068875095894
EricCLFung,985.024092464401
Fiona_apt,64.31770532012786
Ghosterx4x,72.79519738286875
gn_zebraleyuan,583.7101871468559
grebbycrypto,1951.0745987004009
Greg_Nazario,245.1774246582716
Guomin184935,1514.711378026048
HM010169,1013.8877752254746
im_rajaali,93.9619120763048
ivan65471037,26.05850435992824
kantianum,597.6280718398914
KuiGas,2817.592740646217
LennaertSnyder,1109.7186996031212
lil_psalmy,48.305695717442056
llcool_hay,48.65243965093473
MARKA_VELII,71.59922516238467
medo_NFP,328.05927524773483
Metabape,1748.5100983723803
MichaelPinto_,249.363944836942
milesdeutscher,6569.476065569754
Monica_xiaoM,1077.4379364174524
MoonKing___,1417.979680543168
NareshKx,132.14590726624797
Nazarick_eth,998.80758254566
NickGCat,229.27010373018032
obsrvgmi,685.69267679923
one_snowball,2403.85666073754
periagoge1,531.05557521983
pukerrainbrow,1521.2237223575594
R2D2zen,1775.993609925921
rapperr111,360.825541848763
Route2FI,12121.183946478615
sneha_bb,138.2305407644672
ssovoovo,718.3839301640971
standotsui,358.6779491452418
Ten1sion,610.6281899746682
thecaptaingates,212.4803270017002
TheCryptoLark,3339.025925820799
thelearningpill,2604.503992826173
TheopilusE,43.48300624950237
thisttv,45.08277012455369
Tinyjamj,33.97152021208971
TUGE8888,1220.2496077452067
tyler_of_web3,55.14449737612593
UkashatBalaCCII,37.76582447320337
vvickym2,2755.20216046539
wang_xiaolou,2851.405094815127
Web3Niels,1290.060130215458
Xuegaogx,1440.9075516827809
yarhuter,67.36955139663982
ZF_lab,2297.5507492037755
zohanlin,1385.505049542413
0xALTF4,898.0566735802988
0xElowen,153.4538030761629
0xjtrade,14.75138980271769
0xwaleedkl,81.41538964467694
2298,525.4121440617656
__traviSKrypto,114.267130305293
Ab89100Muhammad,0.0
AbdulrafiuAminu,1.2457795196227832
ADAMU6422,0.0
Ahn_Couture,9.520713009645592
al_musteyy,0.0
AltcoinAce_X,208.38888521624085
alyonitaa,104.50656423220306
apostlehearty,2.319376750587636
AramAbadi96930,0.0
ausbro80,236.0385040028742
BagCalls,591.1131693888656
Bdigital17,23.32283517034833
beanwiii,0.0
BinanceAjay,0.0
captain_kent,456.99793218824885
CardanoMentor,95.94670182266978
CHUNWON1155,71.86450467126038
Crypto0304,68.02043989902101
crypto_upalupa,124.28133290767974
CryptopheColumb,0.0
CryptoUsopp,1537.5803870981513
deadetol,4.785830297705304
DeFiOracle_,569.4174222347042
Doonbo_artist,242.12133859295983
ElCryptoDoc,358.9252707607976
elhousesol,63.06073355794532
Enok0305,14.938064492897254
evgen_by,813.851334250976
ezeroho8245,792.866724365283
GemBooster,925.7415618270668
hangome_sol,278.9303324373831
hannaXbtc,858.9830269361646
HenriLee92,654.8264283876427
Imamu_Sheka,29.341621527595137
irenenknight32,0.0
jayplayco,1522.4906218842254
jgonzalezferrer,1568.967052040516
JimmyShequ,80.94462258894362
kingfxyo,198.1396832583529
kingjayms_,27.35792929406939
Ledensy,1.9616502740439004
Lexibtceth,746.6248210369632
LilG100x,99.30749013048587
LillyCreator,250.7027377746041
mahsa_tin,28.10076085537037
marcuslayerx,947.535666083752
marshmellowxbt,261.9770523908953
MrPraetorian,72.65009853823346
MusaIbrahi4,0.0
museowunsaram,670.3464185882123
nelsonikenworie,38.373832860844416
NoraXBT,137.83028061990026
Ox_DEMA,16.70278398360477
pelscrypt,1.470092709111978
pika1368,2.2083330048523218
pizza1q2w3e,29.171714667115104
Qu3drix,66.46255321771616
ramztd,256.455653490757
Rasheedisa7,54.19669823381916
Richobahhh,23.177310537376226
RiddlerNFT,1073.3702042557184
riotboy2024,775.1615269408314
s_i_gh,0.0
SammyMzy,268.45814453932906
sarang3372,45.96296940231252
semiko8585,266.1256753492769
sheymilore7,2.25359380794477
Shuarix,343.18861666354223
skathdgus09,5.2871361156760175
sseonu4,54.42579082647633
sukuna_algo,0.0
TheCryptoBlade,418.5450898965381
tikooww,778.2675345570651
tm_uchal,649.1242357445655
TomWeb33,446.0309786089205
Universallbaby,1.7363566323045736
vamshi_9900,21.32756185036224
white_elvi72968,29.798276915199025
ZayanXBT,165.79426991557858
zeetor_z,1.3338766668432174
ZeinLayer,23.48002848220072
0x6851,343.0526921272201
0x_NCS,26.041644628651092
0xberatown,392.2482352429702
0xcarnation,3947.106063213644
0xfarmed,633.7358216002657
0xFent,1371.9994480366845
0xjoekid,113.77816766970544
0xPiracyData,183.37888573097217
0xpurif,59.00180508889527
0xRavenium,292.7876131756491
0xSleepinRain,2241.0533706240417
aibra,2625.902192849077
alexeiZamyatin,977.3220876531012
AltcoinSherpa,9533.589341233524
auguraemali323,77.54576871503932
BQYouTube,1012.6564768558416
bug4what,425.4656220986124
camiinthisthang,1685.4740271702224
Cbb0fe,13394.437071056764
chamadarka,15.798393342111908
chloe95117,195.70258605620063
co_cobling,1084.5298865772895
crypto_scope1,58.77358909994855
CupOJoseph,9654.646138331864
cybttx,180.0998721761583
Dailyairdrop3,178.64769237817595
deepname99,2239.3658440111312
Doflam656,101.6624202661024
Draco__88,247.32147276816545
DRTnky,684.8162199464765
dysonbera,300.32923888337234
El_Mendru,36.18627612452888
ellaqiang9,523.7581977119311
EvaCmore,1727.795782203845
ghrrison,57.29557853058029
hellojintao,3938.034985820456
heytranks,49.39522926419455
iamyourchaos,2298.136516567421
ika_xbt,1814.5763296386488
InLuvWScience,498.5915031481881
JonME76327194,101.08851884496154
justin_bi3bera,185.24917318747305
kimyg002,659.5633318308808
kkoping,2.8631438740798245
knowerofmarkets,1640.5498829478272
kryptomokus,2892.135337016435
lana_del_play,112.1254205380861
lifeisyolo__,238.49432490920933
line_hihei2,80.12658691406361
lordpemby,812.61429576053
MEADGod,816.8941803212457
MeshClans,1091.226955127726
mirionics,583.5501784560436
mr_quora,55.401959777587976
necrymancer,8.506088466549416
nics_off,2683.9085552416727
niz0rg,362.58284974074655
NKontua,37.360911679934766
notaboutdollar,91.798135333618
pgreyy,1002.47674633425
poesdec,123.45320511289474
r2Jamong,2317.057280171409
reisnertobias,4401.435119914291
roffellos,202.64114446151385
rookie_of_Ph,828.508469148329
sayinshallah,4326.494504204171
shudshud26,90.43843125200048
SmokeyTheBera,13634.052521118469
smokypipe_,190.67449511030617
sugabera,388.0909747660784
The_Tradeguru,572.127619331959
thedefivillain,8907.813154094314
ThePaulOla,4.574296376043937
TheSra0ne,55.9001006545875
Vlad_Web3,266.7403624295669
whoiskevin,3702.428634044461
zaijin338191,178.86092709429244
zero_Jpegg,178.57416055146658
0xgilllee,494.5073069222339
0xKevin00,1239.252563832853
0xRainb0y,25.060948504717278
0xweb3wizard,136.16963341033176
0xzSensei,30.367550478316343
2lambro,4103.236940069232
banditxbt,7884.656956194924
BitmanTW,940.4727575125742
bledi_ai,389.885691042952
Boboafrica1,178.8900807028282
BroLeonAus,12726.821225958673
BuTongRen6,1420.8476891998655
CheesyBun0211,257.1341298047994
clzcrypto,292.9266163369891
crypto_Abao,1196.2460575983137
dazzlercoin,408.8110280772979
DebbyNFTs_,20.85945236812028
defikadic,353.7975822109156
DomOnChain,663.4852096081685
DreamBXM,24.90758333234865
DrEinstein9999,450.7125176094865
Edward__Park,4298.773628810077
gomtu_xyz,916.881362377674
hackapreneur,1385.4732086227684
IamAqsaShaikh,368.1376429884119
IPALAU1,564.0345558036358
itskkoma,1377.6917209924352
Jampzey,3817.904457065464
jeg6322,1058.7031473426227
jonBeoGazua,142.3823478298914
katexbt,8988.49359021352
liuxiaoling933,551.9342622693111
M_zekks,276.6008010342297
marvellousdefi_,668.0366039576427
metaio102,1931.4446978675403
MetaverseRanger,932.0304938770493
Mikesi30,2496.1869428179016
momochenming,2092.222578230883
MookieNFT,911.7865272369996
MrLudlow_,34.3115981252615
NDIDI_GRAM,2037.4531887084995
Nick_Researcher,863.4288584075013
niravmurthy,281.8555329939301
ok1mraise,10.34121443355419
Predatorweb3,25.807346757066107
QIEG_Max,29.66943777206462
Queenxrypt,170.66708957869596
ripchillpill,3874.076705802093
SamuelXeus,918.4779314959404
sinceOctober8,25.066150650664092
SkylineETH,2045.151752272068
Slappjakke,4408.25557989031
softlipa1018,1476.347951884793
splinter0n,3867.608984391152
TedPillows,6967.9539435463485
the_smart_ape,4090.0331546387774
TheCyclotron,46.57503516876837
TimHaldorsson,9510.628245064436
Tma_420,2708.1114530299183
UzoamakaSamuel_,47.69805310862868
wenxue600,3033.061700920131
xiaoman1188,299.02941988686405
xiaoyubtc,947.7319154875056
xingxingjun8888,1656.5033077141643
y_cryptoanalyst,3515.9314570568245
yihan0202,636.1894202556712
yueya_eth,4954.547068423553
ZKSgu,5007.676192571087
0xkydo,5342.143054938703
0xnobi,3407.4383050327547
_Enoch,3277.3716367431543
_FORAB,10703.802927785558
AdrianoFeria,3092.6139317431807
apoorveth,3143.04071426325
austingriffith,2525.544684608815
binji_x,17559.053316870348
blknoiz06,44388.49338608696
CloutedMind,6256.593661147466
CryptoGucci,1667.2901399462442
CryptoPoseidonn,2366.781631247288
dabit3,12097.938399373588
DavideCrapis,2012.8516794921568
DeFi_Dad,11974.361760865158
DefiIgnas,25589.29946998531
divine_economy,18984.232032859225
drakefjustin,4947.904728501574
drjasper_eth,5610.472997666047
ec265,2093.7527290183166
econoar,7709.312470070097
eli_schein,3008.0313315521366
fabdarice,5618.128997679578
fede_intern,14970.913370687907
FigoETH,4596.158615072795
francescoswiss,3230.158687230426
gdog97_,10320.756305682922
gluk64,3456.60321073145
Haezurath,498.5617213677422
hasufl,10412.724316430824
honey_xbt,2642.9053155201227
hubkotl,4174.691061335305
JasonYanowitz,16282.520710632742
jchaskin22,5976.861656968807
Jrag0x,7806.972194050236
KhanAbbas201,7059.864940142929
Kira_sama,1517.0441145892344
koeppelmann,3400.8637132653103
l3olanza,3211.7792740758537
LefterisJP,3629.3060394062186
LeonWaidmann,1256.2441222125778
lex_node,22763.60069772641
litocoen,9374.536865598831
materkel,3631.2736522632777
matthew_sigel,7658.513734146674
mlmabc,11955.581231973623
mteamisloading,13094.534658309807
NateGeraci,8493.678736052014
NTmoney,10653.66227922393
osf_rekt,9941.73736937761
Pentosh1,5491.721497563383
post_polar_,5001.261931099947
protolambda,1078.232785337485
pumatheuma,5751.399300177047
punk9059,8463.643468934139
QuintenFrancois,5553.834790423585
RyanWatkins_,9194.826708023686
sassal0x,23124.5952822969
scottmelker,10976.274220918418
sjdedic,15851.691785601572
superphiz,1090.996896137603
TheDevanshMehta,1590.5967473732237
TimBeiko,4065.7889456594335
Tradermayne,10253.558552593458
TrustlessState,12409.86180573784
Tyler_Did_It,17478.69602649591
ViktorBunin,6317.80663279453
VitalikButerin,16399.19728841932
waleswoosh,23843.291287266213
wslyvh,1195.0390196024584
Xeer,10260.320820011822
z0r0zzz,4649.21956052301
zGuz,2600.9721691816803
0xBrans,156.47086403878637
0xCabana,20.498363237730132
0xSalazar,809.958081390211
agentcookiefun,988.14070267345
AirdropGlideapp,786.6412698064315
AltamashK_inj,11.74933196997836
AltCryptoGems,1500.292012646462
BitImmortal,229.0278299255357
bmw67_PRMR,29.03288734318002
BrianneFrey,73.49992165664287
Ciciyingying,146.7235019664822
congge918,281.23932094335703
Crypto_Scient,360.468712346606
CryptoB_K,65.69247181467972
CryptoBusy,582.9273145885514
CryptoChem0000,96.8328924010176
CryptoCurb,5815.618110102543
CryptoL1s,35.373612768097544
CryptoPatel,165.9473478767433
DaengDaeng_eth,356.91937868214904
DamiDefi,210.73195669442015
De_BlackAngel_,109.52346476058489
dilrong_,214.57535301480965
ericinjective,39.98174842639679
EtanBoss,949.415069840136
FurkanConsensus,25.26874382472059
GpaAndy,342.40483618124614
Hisu0x,122.86372370709226
Hope_web3_,324.02800352235806
HOSS_ibc,1538.2710607082429
huseyin1tekin,792.0518567625143
illustriousPRMR,70.922774686745
Inj_pumping,9.197938653545853
injective_ninja,0.0
injmaxxing,5.2903443932322975
InjPedro,0.0
jakeyPRMR,211.0799043604273
JohnNakamoto_,88.56721016099179
JoshuaAbel68,65.95853065975064
KongBTC,966.5820008178882
kylobtc,179.62374236980338
LegacyMTM,12.282865538087885
lucianlampdefi,677.7160725229253
MachiyaNFT,0.0
Maeezyyy,0.0
martinezzart,431.7443503225443
Mary_Inj,0.0
Matt_Peters92,991.5855772323906
MDCryptoWorld,25.009163995043508
Mdsaif33,125.30410964429346
mirza,461.5387426636479
MisterLoops,144.78967373527885
nocoffeenobrain,337.57931588092583
NomberFax,2.638442377749058
PandaAsiaStreet,625.0138114617313
ProofOfTravis,2442.068878240855
quilix_vu,661.5419888574584
RangerFinance_,3.2518096610081537
realpeterjm,1563.0935672486896
Rypto__,92.306795722687
shannholmberg,5343.6180365075215
SherifDefi,247.25853269928203
ShiviXBT,13.01954780196998
SiGPRMR,12.626718484291276
sleepingPRMR,0.0
syk233,1376.4699625004496
trippykiwi,36.4498486001355
urejNFT,4.053701261232176
wlgns5388,126.19987553308736
xHBKAYO,0.0
Zion_C_,34.84316512000444
0x_degenola,257.34787314989103
0xbigm7,902.1901471645313
0xBreyn,523.9679805491867
0xCrocy,227.0923170605724
0xdogacan,433.7788540830946
73lV_,2176.0226632523645
7_Tolani,114.01278239782162
AdriansCryptoo,223.08650789228477
amit0xic,1581.7043851621825
baeko_02,879.0914165597355
baggyudong78463,108.47761671440448
BigOsCrypt,164.03156834938517
bongbongcrypto,341.789663499536
btcohmann,782.9856686268207
btcpiggy,998.8152181521976
Bum_cryptotiger,440.3525579773972
ccy1871,357.689428946043
Crypto_He,2368.460485107582
DMacOnchain,127.27648576029752
EJseong95,583.2223195771506
eolas45,48.31056745217343
gvofeyii,325.219787586741
hyeok8911,93.06666248470728
jaypolaris7,71.8781648828328
josh_benaron,363.5622605090446
juicybye,43.97556727955904
KierianV,1777.5056079944147
KriptoLisa,749.4173094309118
Li888Real,672.6365618932249
lilykuma_S2_,106.54112223352774
LIMITLESSDAMI,209.9768728139011
love_doge123,501.8196171677373
MJk9656,170.7809369875392
nftmufettisi,1209.5538924357618
OVGNFT,870.3900907683214
pinenut777,59.24762748519518
r_rainss,652.1010488812466
RaoniKor,287.42816164051925
RealJackPoor,382.2105960698054
Rhythm_rere2,65.64374462879775
ruledout_,147.66199865398715
scylla_98,181.39086425048
shl3376,138.01749538400938
shuiya850067504,103.2682772548354
Supers6061,1589.005814929545
teemomeeto,61.28644832282923
thegreatola,1419.9656998399705
VaveylaCrypto,747.7587635735922
wanghebbf,3983.718234260185
web3_Salem,169.37545810071578
Wonnie_mbm_,1659.5744112399918
xaitoshi_,148.9651355156515
xincctnnq,1192.0602587973492
yank_est,303.38944972911736
zacxbt,6820.731768273839
zkgoudan,2029.9188021921227
0x_Kalista,42.51653599793762
0xBenscrypto,28.15787054286156
0xdefi_MCK,54.45481591388516
0xVanxyrus,850.2565940080312
AlphaWolfPRMR,377.8662709870817
anytwocardzz,342.44245040598
AxelBeastt,242.9665416040626
bapking_boss,218.8005545639724
BarlowLi,352.128676289735
BeiDao_98,547.4918329296144
BetmanJoe,301.21486989489983
dee_nftarmy,1015.2570660355068
Dnyelfy,240.05060164237088
dudu_bitcoin,870.6506292465775
EmSearles,27.789710918605408
gozyy_world,609.980403844385
H0ogie,401.90885070724784
Hydraze420,2110.9279398410213
iagosnews,97.34014161206754
Iam__Attracta,141.70877183529444
IbraTheDabra,482.620911436159
ilodiwow,721.2521809572705
JaysonCrypto,749.4749891404451
Joerowntree9,29.105329725298
KCMontero,113.2574129207293
Kivendeen_eth,232.65585858709625
Kujirita,1036.6589423967112
lovestern83,566.4142986040026
Lucis_Veymon,40.23441258948548
MattInWeb3,338.7742569494699
MetaBaz7,70.23067280032254
minstrell_,179.4820524973596
munchPRMR,2666.6839504925365
mv1_Davis,16.258976732803134
Naumoski_ace,156.84592757874583
NFTMani_eth,135.34860608358247
ningfan_a,103.61517360884652
OzzyChina,139.49770285239583
Param_eth,2434.3647690313646
phill76815,1188.2735445214353
pvmihalache,489.8975668775362
quan_eth,1762.1838764069928
RayBuckton,260.0375603765792
RealmissNFT,408.0287401841224
rektonomist_,1483.6932069143606
ShuvoWeb3,113.04469167044743
spencerdoteth,235.1483041124809
supernovajunn,148.96462367392834
TheCryptoProfes,641.3710265788617
themansion_eth,1827.6044615795256
walsxbt,4939.948320610783
wangy112375,332.55578211909165
what3verman,1636.1697697700904
Wisdom_De_Great,27.91384511101055
xerocooleth,3129.350290279451
Y4NGO,76.4553434553608
youfadedwealth,2749.493001094674
Zeanftw,21.03285248501469
0xfs7,902.5793310889028
0xgeneralll,3.862002036556454
0xJohnson909,18.78993816379029
0xmelo71,0.0
0xWenMoon,18478.23671665168
0xwhysomad,99.39348751168312
0xzachamm,96.07899159791914
AleeBrics,19.04440557126079
AnonVee_,2686.522053588705
auz2or,347.0653296717224
baddest_dev,15.479200476600775
beszedin,3.227617572824352
CircleVang,25.45320053032983
crabetan,26.85093643947203
Crypto_Zh0u,519.6048014752158
CryptoHindiO,159.8596849796732
defi_mark,2.564391464809817
defimhamad,309.02956499264883
DuskUnzzz,42.03745248724023
Fantardio,1389.1197791205686
FarmingLegendX,45.83412419815165
febarce_DeFi,138.57109739145938
Febzz64,0.0
fipcrypto,1067.971376080088
flb_xyz,1589.445821309273
gemspecialist01,77.41038377599705
GeorgeInSolana,57.11492375351504
GuigsLuke,782.1777017444036
Gyokeres_eth,385.5793159660244
hedacool,674.1333196162334
heycape_,2190.5358663245675
Jackhaldorsson,1243.210954481426
Jef_web3X,554.9532190825091
Jessicalevi13,417.73991687240624
kimmoonsoon,1.6852918313151697
LukeAlwaysAwake,328.1741476073103
MidMare__,0.7137898730949398
Montiweb3,618.7087060979161
MOODOO_Diary,984.7371314994311
MurinXDA,5.238966172758088
Natalia77351991,82.56727790322343
Nexory96,10.257313424820364
ni_celeb,818.6294293561624
Nobody_344_,0.6094562546299918
notsonormal___,4.443842881235835
OlimpioCrypto,2470.4157666270294
OxTochi,2706.48918704743
Picolas_Caged,3964.168689598556
quinnbear_,0.966332494905837
RamTn1,10.025576263832166
rob_inwoods,570.806318296999
ruggedpikachu,900.1939253900473
sam6170,138.45445248666408
SH_8823,149.09259596111374
sokot2260,0.8344673787941304
sonyhexe,0.4706220159245171
spoilerbull,469.3370967302599
Sugilico3,4.659376973975835
tobific,1236.5821027350105
Uncle_vor,71.17166937762028
underoakeyebrow,0.0
v1z1337,24.83192959764523
VideHaldorsson,2550.8008467043464
web3onyx,42.95741205092595
wyckoffweb,593.0600409139314
Yacine_mnrd,116.58443260604014
0x70626a,737.7062878274938
0x_Abdul,5635.438921451318
0x_yash21,748.68172692649
0xAbhiP,7738.69349781798
0xfravashi,677.2714487839478
0xGrimjow,926.211991628245
0xMoei,1362.0227056199724
0xNarb,1754.1464262798825
0xRyze,841.0623099370177
0xSins,824.0420211440318
1stBenjaNAD,922.122413931858
_gvan,2295.525713800142
_jhunsaker,3080.406708096652
aadvark89,3335.0606455284083
akachacolate,1898.5374861215305
AshleyDCan,2035.457546945327
Auri_0x,2711.1495920715447
be_kindplss,150.74816296243512
bigdsenpai,697.8588485000505
billmondays,530.9571786999072
blancxbt,4040.9939878917457
BoxMrChen,1270.6429132430935
BR4ted,1833.2253481064092
brave_raf,1170.0324091352936
buntyverse,990.924126924396
chang_defi,5368.147079115837
coopernicus01,5736.917395185325
cozymaximalist,2716.876225143652
CryptoKaleo,8799.242873731946
cryptunez,7764.792467001825
davidonchainx,2017.8197173539609
Deebs_DeFi,2688.786553095169
FabianoSolana,4809.464220267277
FitzYap,1543.946119055882
glennonchain,2097.6113869456844
Grantblocmates,5678.855874624197
GuarEmperor,685.4246533329609
happysubstack,2082.849652431229
Harveycww,377.8781343077043
hosseeb,26664.71256726119
intern,9885.460341839042
internbrah,794.1574351383194
jinglingcookies,4681.638408968687
JohnWRichKid,562.5869495175372
keoneHD,12325.739813993268
Khallid4397,5051.212543188442
kryptobaby777,1457.2353499744586
lulu70191243,853.9502282090339
MadVincent666,1865.714241308972
mdudas,27420.483263667524
michael_lwy,1014.403231028892
MonkeyCharts,1995.018151790458
mztacat,1178.0572475417994
naruto11eth,8817.318430788098
notpopnad,615.9651581811569
notthreadguy,13367.22652774379
opendanny,459.3774475373466
Rahim_mahtab,2775.874159136886
redhairshanks86,8393.375260772906
sailorninis,86.99986556394958
sing_me_a,395.2404692291068
sungmo_nad,463.3393377941279
TakayamaJoe,2018.806145805042
thetinaverse,812.4516423511657
thisisfin_,20.59318019272393
ThogardPvP,2563.914893828756
toghrulmaharram,7844.023316964484
wabdoteth,2288.688814511173
wagmigently,2048.2735741216543
zayn4pf,1122.4831761421335
0xchainBob,166.8556393211219
0xdetweiler,3484.468789426066
Alexander_divi,156.7167807785357
Alvin0617,5544.512545793462
Arashseyf,173.86211725339555
avni87744,48.21089174755024
BeeOnGrid,19.012500404340784
branovic1i,15.196905641871703
builderic,12.823377999342382
CRYPTOAD00,45.5504477080318
CryptoGamer1834,11.015065800519986
CryptoGideon_,1476.0356910458609
CryptoMichNL,2116.972920508708
darwhizzy,78.26306117240271
depinfluencer,14.1266197756148
favour_okeja,210.7677288196176
gkisokay,1622.0949045717318
GUJJUIIXI,248.08765456191225
itzdezydank,136.0729348263173
Joepcxc,43.15224830887055
JuvidX,33.13422024286691
Kaffchad,1067.4129762671826
keepyourpixel,50.87714898993176
kevin0608x,46.10868034227597
KookCapitalLLC,11748.74217924361
KryptoInsider1,181.0915503228424
leonidas_xyz,130.92344233841385
LexSokolin,1088.8389087399105
monitalan,786.3077099013917
notjazii,388.0739103343696
peaq_james,12.877062313402178
PumpHustler,187.131905266362
rbthreek,4314.522264175655
RXu107,740.331461278836
Scaevola_XI,194.0168886973669
SheikhSilicon,2663.049782686536
ShinyNfts,60.46411275751857
SunshineGinGirl,25.309551373333957
Telcier,617.7441937746377
TheTetherman,1726.486343392013
ustyianskyi,90.01285424625407
vincentpeaq,20.93136046033789
VitaliiTrade,40.68371476588455
web3enjoyoor,74.78748046473244
Wezaverse,610.9145206524738
zerokn0wledge_,2877.5276493611523
0x99Gohan,631.956760829361
0xWorkhorse,542.2621549303035
7316,1572.5208511466374
_matisei,265.96813820965264
_osten,443.9639227369297
admen_vc_2,907.6168365430556
ArielChoii,90.85391979409052
bandosei,543.3743230002677
CampbellEaston,1739.4614675902233
ChadHugghins,256.69241591262823
Cyber_Warriorr,558.0231516035765
defi_mago,551.5195390631251
Defi_Warhol,3515.1222194035686
DeRonin_,1596.260607828434
DRbitcoin36,744.9416593569478
ec_unoxx,616.7511414904052
ElonTrades,392.11587050892047
enesonchain,1281.2895114176963
FabiusDefi,928.5003748817044
gigiz_eth,1231.0648988138537
Goldchau_eth,213.26746016552377
Gummybear1771,506.3855459294488
HarisEbrat,521.5378271052713
jayendra_jog,1767.6146332727376
lijiuer1,2119.628853574026
LSDinmycoffee,2266.2564980894654
manyaaww,547.0198103007791
MarcShawnBrown,1306.5082165299464
Moon1ightSt,2586.722345930391
MuroCrypto,1062.093222578972
nbdieu,460.863959172243
NekozTek,1779.4076374776175
Only1temmy,1923.0017925918871
phillip_xyz,2014.6347202922848
rayrayweb5,1045.22793456489
Recently_Rugged,117.16210294503108
RiddlerDeFi,1161.4544375703597
rtk17025,715.8580020910155
Ryuzaki_SEI,277.1769158679074
sell9000,342.06427639012526
Seymirel,925.932642467765
SheTalksCrypto,434.8584999281684
shockermandan,426.6027349007581
Tanaka_L2,1889.3631197206007
tezukaTez,1209.901372539588
TrycVerrse,206.94581881682635
vascodm_,215.4866470879113
YashasEdu,2634.8259097389923
yummmycrypotato,437.52158153521583
yuyue_chris,10227.413605081623
0xmozzy,239.05522259242335
0xPaulThomas,646.8829044784878
0xRory,414.2566204755265
AirdropKor_eth,709.506150630103
aleksamil_,2.3945396360333566
allysonnewell,223.461851375023
apixtwts,5180.612174742081
ArtificialSham1,336.1563794645229
asedd72,397.22113030360345
Capetlevrai,1061.086900958376
cherrycoco_6468,701.3840559747658
crazino87,323.4611592950187
cryptoleon_xyz,3908.905956097534
Dashke_witch,279.75334363594646
EasyEatsBodega,14900.207077351151
eeelistar,6660.786708392035
Emma_Odia,24.1469306158871
FFVV1211,6315.313683528126
flarrs315,1084.2667163151443
HermanNarula,457.9596815085843
HumzyTrades,242.1888586571136
ironsidecrypto,83.79823927731563
islakwcterlii,466.385621818124
Jakeronthia_,228.54848668320872
jundeu00,128.65600997531942
kaitoxbt,284.5935018340105
keenn_eth,221.39688051019832
koolcryptovc,471.31591858591526
LearnerBR,223.09396424367085
lokithebird,4945.9292035059225
MartinHo99999,754.9881473888198
mbexbt,433.8654529650542
murmurnika_,25.727241878203785
PixOnChain,9888.666169350705
quanm2831,659.9621229845541
SanjayWeb3,2584.0570830208503
SaulWgmi,225.3698472727182
selim_jpeg,262.75789260360045
seongmoolee,592.4269069374614
sikiri0,651.4286824528807
SpikeCollects,1038.8572132789802
SquiddyNFT,391.6202614515211
TheBullishTradR,600.5397516902387
tradesgiving,340.7846510747376
Truunik,448.2883256372037
world_invade,574.3803484202118
WY_mask,2542.851340840087
yawaradoteth,996.6794347025613
yellowpantherx,4660.27033422866
0xCheeezzyyyy,4500.925478677564
0xDoubleSharp,45.8381452783189
0xgmsonic,0.0
0xRoninSam,13.702020197270803
0xseg,276.9425149953999
0xtheblest,12.410540033097153
0xyukiyuki,424.3069319263949
8BitSam_,113.3761584892638
_0xCB_,54.77967314340379
_Crrown,35.201472262486284
_lfausto,756.0565253471046
acryptoniano,4.129487447795637
AndreCronjeTech,4646.0328715530295
bartender_loopy,202.1973174477279
block_ecologist,120.74500177454944
BriefingAnon,43.504968622995285
Ceazor7,1455.6232645852344
chemacs,143.34659209235926
CoinSurveyor,72.6341227388088
Crypto_blub,138.2623912167737
cryptohuntzman,44.74264562655427
cryptomoge,13.985967156439257
Cryptoyieldinfo,3002.230221013396
danielesesta,5282.543192259198
Defi_Maximalist,156.6177758097422
DoctorDeFi,1232.8121800060967
donggu_1,12.004115479612189
DraculaPresley,185.39601219438975
etrouble562,871.704064722049
FantomFanatik,97.73697707526694
HalscionRose,125.3141906792634
heysoahri,356.6452171764825
HuntingAlts,96.25063515496358
iamcandyivie,33.70290187993922
IntelScout,244.31447237233743
itsAkz_,26.86064750355869
Jackcrypto4life,57.80857350559422
Jacktheoiler,179.62789932724624
JamHotJord,30.226488055455924
JohnnyTokens,18.47934687810336
Jonasoeth,1954.485820859499
KemarTiti,1351.1555361555777
kenodnb,2170.101204985024
KryptoKwack,47.9923976953498
matyv_7,81.69433837844299
mrdejie,12.00054789300955
NimeshOnchain,31.69931602251857
nomamesgwei,55.7057459688914
paintoshi,75.6944747252497
RandomBinarySEQ,56.74280346214136
santoshroy,36.339150996154046
SiloIntern,1550.4349590584284
sniperchief_001,20.76217951393927
SonicDerpMan,46.20821053590122
SpacePoernchen,132.3647424881957
steelorian,349.6186842795805
swappenny,28.993648925143784
The0xSarge,98.6624228217203
TheCryptoCheif,16.647954228614672
TheDeFinvestor,6273.798290928098
XCryptoGodz,26.050630191801137
YankeeRuinX,171.50134286895985
YJN58,238.2101486672034
zethesx,161.19415674501323
0xamericanspiri,749.8706707114965
0xBclub,1357.9926104711144
0xFrisk,3137.233995312032
0xjunkim,2244.699196111334
0xNock,207.68163407617925
0xProfessorJo,1439.9420029750493
13300RPM,3073.6689723819
aidashutiaozi,575.9943655581013
Axel_bitblaze69,2092.1995376484865
BawsaXBT,1283.5716251512056
BCheque1,5142.130718080283
becca_nfts,1234.1309264468357
boldleonidas,6010.292557598669
brainrotmanager,305.3625798246416
chamathsintern,1807.117325549684
Chilearmy123,13790.735868236408
Credib1eGuy,3778.7191244396745
Crypto1Marine,156.4437200701732
CryptoGirlNova,2197.417218501873
devrelius,1033.9594883754537
DU09BTC,783.1719219008158
easyforshopping,778.7277076929914
hippo688,520.7534941264094
huysuthat,473.6447613861288
inversebrah,8925.102960555287
jacobmtucker,559.8991389183908
jasonjzhao,4947.920757872011
JayLovesPotato,1559.5732217683262
jeansonlau,246.3389246440799
lilsuziverrt,6.836039058521372
lukecannon727,5706.453875954482
m00des,790.2408345839328
MavenHL,330.7824976139352
maya_lndn,216.29072904674624
MINHxDYNASTY,7114.610557307417
nygelbygel,219.5348418198072
off_thetarget,2506.16830164107
oldman_cek,348.6920737696513
Rafi_0x,1645.898378521787
shotguncaio,680.0480592709484
Steve_4P,2163.276990622596
SteveKBark,4190.142432134062
supremeleadoor,1259.614901718257
taku0x,289.77026418366734
Taran_ss,3364.219266941862
timtimtim_eth,467.8918860419647
WhatTheLJW,116.86497085812496
XuanzhenZ,272.2142598788454
xueqiu88,1534.4945716320187
0x_Wana,0.76546303571295
0xakweb3,15.970373402428974
2_bp19,223.77365777026776
Abhi__web3,0.0
about_crypto,5.964130741711533
ank129048,158.49707777814234
AshborN_AsK,0.0
Bite_edu,55.74564862238408
BurntBanksy,286.20548097408863
BurntFondue,15.987632588096128
chrizyoung_,5.842420379692629
COmang___,98.60057656211798
Cryptolab06,0.0
cryptowoodd,0.0
Dani_OOR,0.0
daniarchibong_,32.31146657442906
Davedxym,7.958495534566127
dcryptoinfo,492.1859271102025
devendurance,13.021607368009786
don0tcallme,16.477050870138886
doodlely213,143.37381024888202
EmmyOlonisowon,41.94507883828396
expert_kripto,2.840523813502101
faydin___,0.0
fweirdocat,18.510080130330728
gala_nft2,333.7960403164983
Ghony_gon21,0.0
Great_Ikay,9.11612574741442
guiguziben,521.6545040455226
HexNom,445.9844808254255
hinoryucrypto,109.40798141076073
HODL037,5.1081780263048975
HurricaneCrypt0,72.73945643610625
Imam1614,13.3529153968853
itsmeacris,0.0
jerrie_08,108.64475507063143
John_dgreatestt,36.272696971370806
kairo1672,11.363640923590484
kayd_kova,6.162642560630487
KemkemCrypt,13.597354405108437
khurshed6610,0.0
ktrnatra,0.8842101204511821
legendaryleon20,0.0
manotechz,88.08781436911738
marie_joe001,0.0
MarkoStevan19,24.720208514845755
Meta8Mate,2760.640221539572
namnin_kr,458.9055716410695
nazarr_0x,8.692162755142935
NwudeChris1,1.0802704028981291
Olahosts,31.790662631027544
OttyUbINJ,0.6932507482804197
otxAman,29.6394024739397
OxAlfa_,32.057449540947395
PeterCryptoG,0.0
pjhere,28.47451000793473
Pranshu_rana_,10.651996067020615
PX_3hunnid,0.0
PX_nurlaila3415,0.0
QaziHaris706,1.5673418026615005
raeesidres,0.0
realchyne,37.20472429879455
Rest4ndRelax,27.72484008343745
rivon_xyz,3.124353649598783
Rohit2356_,16.98973521755352
rosabasir10,0.0
SetraceG,0.0282019849741695
sherrythelast,3.066196785566521
Shin96004785,111.33411030983204
StasXion,18.978324690787417
timbro_bro,235.942326786228
toto_izmail,18.456023619385626
UncleLinx,18.852730425244644
woherkommen,25.397847278849216
XIONBlaise,48.7572151846489
zabolotniyD,31.447539666808325
0xAishwary,2094.6399456078834
0xAsta,744.5988669501043
0xBumblebee,280.21880429131767
0xDeejay,1772.7656089345417
0xgaut,2321.406263993141
0xJaehaerys,911.5230817090865
0xJarod,287.50244250250626
0xMarcB,2837.395988596551
0xMAURITZ,3883.337679730081
25THPRMR,189.1381916661417
3liXBT,1188.780376349903
austiinxbt,741.9884381169142
bitfalls,1556.6894093330889
Carlitoswa_y,2839.9605070228586
Crypto_Texan,981.5367742590904
DianaChimes,895.335161407645
ettty_19,209.8906047723166
Eugene_Bulltime,1746.9195292621475
FourVork,1306.6444108179476
GianTheRios,1485.519906918808
h355i,502.3446311794184
Ifeanyi_gmi,146.35881600531133
jcrew_eth,865.8784257107213
jrugss,3810.954012810831
mfisher10x,634.6382466271307
Plaxtico_,177.15577651859658
Scav,905.3259336587691
ShinKiro14,737.3119917378576
St1t3h,705.6721073957666
thegolden_eel,631.8558572966771
turkxbt,1004.8064924437988
Web3Twon,108.79521205653876
wusaoman1,665.5089847272674
xFactorPOL,180.3117183393153
0xbenito_,596.3505713024927
0xFinish,2390.10442973983
0xGeezee,135.5828037453294
0xkyle__,9975.648813581303
0xTindorr,1629.1090450563229
100y_eth,2008.7186018141165
AgentChud,148.8194063653798
ahboyash,7079.857777435775
alpha_pls,15849.999012720164
arndxt_xo,3175.6740213434214
belizardd,3977.4837666052335
ciaobelindazhou,1006.9877661477036
cptn3mox,1728.7031797986413
crypto_linn,3449.624092608712
cryptofishx,1662.4522463616283
CryptoShiro_,1111.4698035456504
Cryptowushi,1744.495249425844
dao_lbrian,113.75569340881331
Defi_Maestro,5318.5226490177565
DOLAK1NG,780.4258964079671
ElenaaETH,527.7106189727888
Flowslikeosmo,5061.474217889746
francescoweb3,2405.0804838916483
Gem3a,402.5026192967808
hellosuoha,4056.811410278363
ImNotTheWolf,2886.6060782522623
info_insightful,917.0753298548752
Jesse_meta,521.5372056934862
joshuacheong,142.2191475611262
KevinWSHPod,9131.659344674568
Livercoin,776.4670600631183
Louround_,1370.370518295525
maid_crypto,2932.8519648895385
marilyn100x,518.0941651899723
Moomsxxx,1294.4605395118544
Nomaticcap,3212.012236139504
onchainmo,6317.415655275796
phtevenstrong,7737.87903993781
rektdiomedes,6268.914247618304
SalsaTekila,8382.163366120623
ScarlettWeb3,1402.706297012447
SigmaSquared_,1918.8481646953496
speicherx,392.92823064637713
thedefiedge,4586.847198524343
ZoomerOracle,2223.703376488977
0x_ultra,13009.447405867162
0xAlexjultz,80.46013686529155
0xbeiu,252.4612077185622
0xbrlian,76.07624452270629
0xGeeGee,3786.492135547948
0xKaps,262.5212147011989
0xMaxBT,225.98664289551903
0xMCGeth,106.71091833946268
0xMeenz,39.52045227844355
0xxbeacon,758.3093365111461
Airdrop_Guard,3540.148974246902
amigooo777,508.0324405806389
badlydrawnbarry,304.5540505926815
basitWeb3,829.3261110862782
Bitcoineo,2289.0332980938783
chilla_ct,1018.9366964292155
CrypSaf,1213.1778064666437
cryptonautt_,11.132808404087722
DancingEddie_,7250.2446411008
defi_monk,7806.20612788236
ejwallach,270.4050202008755
fimmonaci,672.0062485816493
hashcoin0,518.9281805353465
hotpot_dao,5638.11538915146
hyeon__dev,556.6468043982139
imluidji,583.0899234851659
itsaz00,204.7410656779671
JoestarCrypto,862.1191581396075
juliencoppola,279.3571714740542
k0k1mania,421.3563389738287
meg_thorpe_,1692.93520414263
megaethcult,162.7809507459182
Moonshot211,368.08896653551005
OhJay_001,152.46870741469985
poopmandefi,5226.689961817623
rcivNFT,3747.511029828783
serpinxbt,7050.935363552154
SerrDavee,646.9724766189263
tapevol_off,255.38130639170663
themagic_trader,134.4692648839573
Tuteth_,2067.4587076492144
weltzart,134.4265415545477
zera_chielo,614.2408325550123
025Reece,744.6916298336469
0x002timmy,583.1417940789513
0xBeyondLee,3247.5634921026526
0xDeployer,2546.856231768048
0xsachi,935.1435387303763
BigNillCollect,399.8734890216567
brandalf23,291.24129590212505
camolNFT,7372.233328927724
crypto_vadim,358.2444684793007
hudsonjameson,1278.6165022733046
jacqmelinek,3892.376154898593
LucBerkefeld,458.9891430738064
obchakevich_,1493.5310571032765
Rav_Hedda,1712.842858948366
richardseiler,300.7131528173331
SamSteffanina,2426.092505034273
sandeepnailwal,7129.555826615272
SolanaSensei,3346.5279827422105
vaibhavchellani,1756.4893992174975
veH0rny,2423.495579913322
vohvohh,11310.919437601442
0x0g4i,144.87900569034844
0xCarl_,199.85119313219803
0xYi666,149.51067253468372
Ada_0g,264.7777767757879
alacheng,931.508869047879
B_daojia,56.082723260582206
BA__JU,401.6361653952031
C_POTENS,80.0762128756393
CobraDecipher,138.79251559551088
Crypto_SENA,319.8384894814551
CryptoOHungry,477.8957709936689
defiweez,53.21438079937224
DL_W59,309.65895608461904
ErhanKOfficial,420.3885261603663
eth_apple,3138.2473843813937
EvanCrypto17,657.5242538019247
ghcryptoguy,253.42403352699893
GMB_Coinangel,557.0082498650614
gushanjishui,404.2332005505213
huoshan007,109.0656766035448
InfoSpace_OG,442.2222214535631
jimmywontgiveup,90.32000896082282
Joeconceptss,169.87709297981127
Joensmoon,640.9924135451437
Jtsong2,1956.8062841282065
Krystal_Eth,374.2965477250126
lubi366,1911.52753344709
MEJ50749,657.9329469050382
michaelh_0g,801.3184140894817
pcobidco,89.42612186026838
ppougod,144.5555321714959
spark_ren,113.20637160168636
stv_8000,120.72846531037248
Super__dandan,267.8890682432649
The_Wooo,182.9127302773542
vanessaaal7,243.7991006469134
VanessaDefi,97.0621095309723
vargs_g,112.73528149101578
yemrecc,38.078785553246895
zhuanfgghjnb,1221.3662255214572
zk_bella,475.0636502576554
0xCrash_,181.800835797764
0xdavinci_,917.3756928283228
AdamsuMus,170.19283447170002
Amrit12005,12.631790785153868
ChainlinkMongol,102.3966922456156
chiamaka_asogwa,18.29141845755968
Chosky_X,31.67337502138352
chuks8995,69.34991205635156
churin_3,380.91487733704406
cruelpluto,19.04372849286477
crypto_ddadda,126.3789739205252
Cryptowithkhan,547.0722779132444
Cryptowombat125,137.88962253312684
Datdefiguy1,19.333028544209927
dayothev1,54.71264067758993
Defi0xJeff,8982.91214245451
dheeraj_805,64.39606784857588
fwdosa,10.986172801647015
gremlin0x,82.65129627912617
heiwushiJ,113.5827656272164
Hodlerbnb10,24.07156538504252
honeymoatip,87.50152576525198
iinging747,91.4185193493386
inhuau,131.99432573738187
its_theday,20.65319530999417
kkkk9333,29.14923061031249
KunalxWeb3,120.49780293224218
kvngkomo,98.0995192202208
lawrenx_,218.52527733273743
lhordkrane,51.116164649474015
Mackypeee,129.50378264021205
MeetAminX,21.1126588447269
Mide_ox,28.65812769165327
Moefire_,23.6257845174572
MoneyStack9,138.6911172273506
moonyu_myu,373.8858842169694
Napoleecrypt,40.19362841678958
NiphermeDave,337.9898957360468
popomonkor,17.194095265657797
Sizeo2004,27.43297167232862
sw33tcheeeks,63.08109640418227
TheCryptoMewtwo,6.710359897991819
Wahndo_,886.8482053793654
Wangsamuels,0.0
Web3Adii,141.2809565383503
winner_asd,157.10824322134312
WLxAJ,26.79886076184447
0x0Nova,165.51050032904797
0xCan24,305.9500525981458
0xSofiya,170.41176932832698
_devTimmy,105.75902313888406
Aishamohammedf,41.06330572941077
anda765,347.0950946186536
baek_project,150.3183584616429
beijingdou,1982.1040332059647
BitcoinZac,293.651581903096
ccshark64,31.090449947094992
Chinwa01,59.42196953757621
Crypt0_PK,155.74468066547436
CryptoMiner830,127.84450552335409
davidsrz,81.85712344276823
DeFiWithDebo,48.94917130420301
DenisKursakov,33.604063795900586
Dhruv9518,112.2758375473594
HeinrichDefi,179.34243452170878
holly_web3,527.6704896691052
horkays,48.62753584859302
IbagsuSubag,34.89376258699977
infinity__max,55.962475202977416
jexybtc,261.8594992044015
lilbratel3na,48.07790034130541
LouyemaLo,29.02246686207212
ManuAF6,10.127647311529536
Mr__Kovacs,41.30070586807266
NwobaDaniel2,73.29136664549205
OBrezhniev,24.281968063182163
onchainron,63.02159843538799
OnyshchukInvest,581.3866787040781
provenauthority,846.5918554750292
ravikantagrawal,160.72825046207643
SebyCore,145.2406725315174
Starjessei_web3,52.9263868858455
Tajudeen_10,32.705341126315986
teamlru,69.97543719333875
TheFarLax,91.5080300880364
web3_Adri,243.81642375490432
web3_tech_,22.71238459577333
WEB3Eliza,293.9009116956912
Xrtrashbin,38.38822211932344
xsx_lisa,44.54462264295013
zenerbabax,98.19650266017064
zicjayo,51.535680097586976
0xtulkas0,34.510002826115056
2ewbie,53.8727431694786
Alex_Houseof308,36.72862088287439
alphabatkim,43.15791248786815
Bencal001,192.78759661827
BeomBeom222,67.09480772703694
bestbaby01,106.08641275770523
CarbzXBT,408.2680988541029
Cyber_chidi,19.342334425911584
darhtch,79.94659511024354
degen_sensei18,470.8484733360165
DeraOt_,48.06934649769245
dopamine_crypto,65.60787189119914
dqnnt1999,19.556296304779256
FavManCity,181.60971559785847
Fierce_vek3,104.04238011994995
Fromadistance11,297.7808829497205
GNftarmy,13.864205695758878
GoatXII3,151.50445424490832
Gogogonum,350.09791171008106
henwyeth,189.89840091877488
HodlethKR,238.07305563498787
inzu_sh,51.2670213962043
jaydecodes,208.0510217413884
Joestar_sann,202.89895686589935
judenxt,148.3185982951585
KOO_YH,90.04182784798425
koup4028,32.8936473653787
kyle_yuk,99.07754238745176
leegs0020,44.03458729988136
lucky66630,225.52435526862655
Mayorkng98,44.08864836100504
maziibe_,138.22153567809778
MJbosexy,21.14578029328573
MrMamba_NFT,117.63380247779116
Octavia_50,231.4292375001137
OsorryKor,121.39652955388198
qpzmzm,40.497029718319766
rawnxweb33,50.67573898438628
sagorsm327,23.40114196998636
sangtugraber,32.48795181092575
seds1013,79.47512950158239
shubh2005S,103.5919152590752
Sireadell,110.3125147634814
sshseo0326,15.92541038855878
topehsol,103.18687491959608
wangbei__,154.86591799238005
wed3nesday1,114.29845893822298
weston_union,146.32956587491856
Xaheer0,197.7720789839298
Zovex81,322.1473886368303
0008luna,119.1607405527437
0x_OG9,90.33904592538076
0xBANDAL,38.15963073021458
0xblackluke,85.79615791261092
101beere,23.865423835229148
AGeullo,115.57760489944222
ai_elon_musk_,25.409826636126255
akqkr123,13.92866176971497
aquiahoramism0,20.59965785506064
babemiki209,176.84317022514836
belk3_95,25.687532513607
bingo_eth,673.9943730299012
btcgreatagain,184.33148800223927
btcslayer0506,35.04781134920938
bvd_thang,0.0
CalligramReboot,66.88890135527745
chankkeng,16.420911504588105
cheuk_baby,198.00985472682396
cobacknam,175.36652679106808
coinboy717,120.42135417817128
crypto_luluu,170.62865386170722
CryptoAlchemis7,10.413551033930336
Cryptoverse67,30.214881466438303
Divjay_,73.12356245233795
dizyo488593,78.17406900905587
egyptk6,266.44187962235645
FokLouis144,60.50435841736202
FredHsu88,119.72214613367235
gcsbtc,262.98722946314246
goldrun222,3.3666660629719205
halosunny21,10.52353100507874
hassan_samimi,12.476183935500536
heungmangoo,222.61015864702725
Hoon11221,100.98987050741796
I_thecreated,54.018829736587314
iam_kiddee,38.13239606103071
isco___official,24.28414059640499
Kook_jongwook,32.836889511610465
kss4319,32.162026294473414
KuingBoy,39.825007729576605
letsgoddc746386,40.4371349332688
liyinjyun,81.60372770556744
lsi8908,55.27437530692137
luke102579,114.50319739770048
oneday3min,3.2696077278583955
OOPS_NFT,26.437288410477315
Peter_ethNFT,55.34083178548229
pietehao,254.4616879233133
qingqingge152,48.27655013960493
rylnei,55.97109340060437
see4pex,1.1050020582588522
Shefalykhatun,16.977758179913028
Shine_JDR,0.135481575977858
sohota122,24.032757651833435
some4064,59.262158621180525
thefrogmaxi,74.41719865926517
thejediworld77,0.0
Tipwotip,245.31940469809416
TowEspresso,9.356390707609275
Ty_Tuki0609,9.318742862757007
whenmoonsoon,216.750993923046
WinxWeb3,92.23560965581564
wshowshow,0.7307552706873274
xmiltoon,41.95159642060374
XNXX_EN,85.80081369514636
yanglaballs,44.96023396100237
YOUNGJOON1018,36.88550647884739
yumipeixuan,283.9143690688943
Zakria_0987,53.18729555641081
0xAladdinPrince,575.7486460547253
1CryptoMama,361.2538334202839
chouchou_tx,105.08928285828964
Crypto_Pranjal,80.79318779619094
CyberRektruck,187.130143374865
duoduo95920292,221.14045000904449
Ebubechi_GMI,91.61198587370464
flyiiawei,293.4615289363879
Haylesdefi,796.6774298304116
kaisun55704098,383.5421127534568
Lara82175200,116.25629489071416
Meta888_hk,155.45136232723988
Oleribeweb30,148.88604557731546
ollieblocmates,692.6556376521149
shlokafc,160.46458228716875
TheDeFiKenshin,666.0145947757278
thewolfofdefi,1241.1654127939578
TweetByGerald,350.36225623120464
Yaki_fomoArt,519.1155276062024
zizhong999,157.67401840437796
0x3prestige,50.71787725409399
0x_Biswas,45.447452972525525
0x_KaELo,127.51648875851372
0xdavid55,91.78363305320032
angelfriend81,20.19941281853083
BelloTbellz,19.70516909746788
bigjohnsnfts,85.50606321432878
clarseek_hajji,19.928997642877885
cryptodaaddy,114.70876925370236
Cryptohitmaniac,207.81332025603135
CryptoKamesh,34.99531472605599
DanVibes10,15.533373213541871
Decentralpapi,32.81526652423462
dg0526,131.8994013505896
eddy_crypt409,46.30309927207373
faithiologyyy,40.526278368167794
Fussionbtc,25.912345023347708
GoBigBabe,111.38465650660312
hcklemr,194.1854017670449
Husaink0404,58.61414998648431
imseong04369433,27.838283999658493
JunoCrypto3,34.07515371929773
kengdaica,29.68204387786038
lechriss17,248.75708136324397
Lumen0x,49.01873730132289
mohdesso,41.13473962038064
MukSaifullah,37.30059481223646
nadiweb3,10.037397846778342
NalyMetaX,366.7016650319051
nikihandsome7,99.91986570546024
Node_Park,151.60908224042566
notbrokennn,47.88914677559031
OMEGA8664,12.29030250251772
OnyiEth,10.087106781845826
OvoOnoETH,177.53464192673448
PetiteSnowwww,32.797354798202555
prxfecy0x,51.62542892722791
QuinzoDefi,33.416157496168054
reto_crypto,28.37749045003631
Scrambller_sol,118.37968140939304
shreedharshetty,34.95051911462791
siyul95,87.3302959926846
ST33RT,33.95050145723419
TheOG_General,2256.77804951223
tobbex334,22.852789884928928
Traderibo123,69.49661943284582
Va77ss,349.20655485953483
wondavax,84.35807324507412
Xtopher0x,100.2130561300601
0x_MrFive,253.612498343526
0xMistBlade,864.1965001060767
asiel86,88.74770046346892
bored_vic,308.6619617865523
Cryptking_1,640.0291945696453
devishreemohan,39.90212773146845
egoegodifi,237.65182894348743
ElangovanKamesh,253.08628741724144
eleniweb3,864.2046068071202
GreatZodd,83.68140706390325
hankisinvesting,275.4688042765238
jonnabutija,299.8860455410804
Kosmozilla_eth,290.8064860893125
matchayuma,451.52841946961166
MetaGandhi_,257.139199901244
tmel0211,3669.543652084984
xbbory482,313.388639203493
0X_Vetra,124.81512437220498
0xBishu,181.0693458803678
0xLotex,41.08410241456295
0xOscarr,58.31993682385585
0xSaiyan9229,33.4950590515335
_Jaycobb,10.9612140657866
AbdulsoburAlao,22.07009451243417
Aira_meca,318.9847881812421
AirdropTrail,157.63826553330497
Anastasis_Delta,95.0553566810568
astridxace,0.0
Aymustapha62,14.65328747474972
Benny5_,6.095063563747543
Blockchainrese6,239.8930243807692
Caccy_001,42.134221308394224
CertifiedTility,2.750902513882897
ChanningSu,395.011461175724
ChetaOfAllTrade,114.60365006214752
CryptoDefiLord,86.25373845100351
Damian__web,68.51679810019263
DavisManny1,44.19262338171552
devazee_,94.98253821351204
diora_anr,179.16473867552872
Eccentric1206,42.36885772646553
HakiBTC,46.725553912303305
I_laceyy,14.911324392405296
IsaYalwa,57.39815720630229
Jid3nisWeb3,33.937804911360665
Joshy_159,15.462698219699847
KakashiAirdrops,257.942047057311
Kinglotoos_OG,57.99882042681988
Knight22122,174.02991828193186
LabileTosky66,17.706263870057672
Lynkweb3,53.557532404611
Monothiez,9.082788058079032
OfficialCrownie,0.0781974061543362
ola_degen,17.99268402897208
oluwayimika14,16.893147192725827
OneTrueSith001,0.0
OxCryPtiK,23.81914862221632
Oxlolz,43.07098640723956
phoenix_sigh,0.3936236383537732
PirzadaWeb3,89.7854959134435
RubyTeagann,36.33172190531658
rudolphhh2000,402.1444733526574
Samrex_eth,28.074466758609056
sashinmeena,78.275422033323
sl33k_1,4.344402990387732
Soch_Tweet,43.9594599958001
taplord_01,12.806082096677669
TheTower163,28.63422789162235
tokyo_111,23.479837054590696
tweetsfromicey,53.26540504413153
uthman_adeniji,273.7461163369712
vanillacrusz,15.2059699007249
Varashe_Baniya,57.22599419508276
Whisonweb3,14.803452547411435
willrave09,30.02614234438031
xiaomaokx,19.92812816245429
zneae,53.705263400433815
abhishek095,61.712240729986405
Baisircrypto,713.4425196542547
havelaw11,226.786912714906
hualunjiejie,344.8756380450918
m4lkxx,114.16951668997672
Miles082510,608.0329687932034
namyura_,84.62888480238117
satyaki44,1097.4244066918948
stacy_muur,9079.308874058675
theHaneth,270.89833039880244
Wach_AI,147.7413690850148
xabzxbt,122.63042991326
xCryptoAlucard,275.97572746139576
Zun2025,662.3752651119769
0x10Me,264.2623594839127
0xVaha,206.66799204276697
againtome88,51.12132673955628
bitfool1,1283.0526457304206
cryptobraveHQ,4097.057795114346
DeFi8362,1954.1981613685784
Dp520888,967.9709395517108
GemsScope,525.6346091261902
jiujinshan2022,1772.2599270562985
ksoo2358,75.13994715869806
miaomiao_eth,239.5374932779808
MrCryptoPandaa,202.05514809788892
Mumu_yay,797.9667847072811
Normanrockon,235.60944534451045
Parsats_eth,247.82894705696205
RealNimona,358.3645362476853
sodam_eth,85.15125838871741
sontanidonghei,18.686629650002835
subijjjang,137.80056285894867
yeonuk87,26.54435365318527
0xAmberCT,114.69693645458108
0xHvdes,327.4066284354352
_thespacebyte,182.00487885789292
Boy1Sniper,41.66087651789079
chochou33,715.1881424511457
connetwitheasy,66.77988249950329
cryppinfluence,625.4557944317426
cryptorinweb3,1124.7082275016485
huubinh0508,64.48102397718739
iamolusegun__,253.46229610654825
jayymmt,232.66410737952452
KevinSusanto,168.82392449431296
Launchpad_Daddy,82.45935150233915
leaf_swan,647.9437738517153
libra_Saloni22,540.8574579174891
lightweb_3,220.88084528986104
Mars_DeFi,1032.3981284912156
PenguinWeb3,372.0317005161948
Reboottttttt,394.8054677744436
Shafagh74,77.04744914268633
web3wikis,298.2965899142597
whosfarmin,145.35939919838376
WWTLitee,368.6197560410588
0x_dingus,22.87105386346611
_JayCT,2.7384933164635443
AirdropAlchemis,694.9629107015327
block_atom,180.36362136779272
blockphd7,730.3288285592145
cangg_l,76.46263329066497
ClaraChengGo,540.5922617500563
coldbellp,59.18844385392689
DaiZeshi,50.425503582205074
dimqtdl,48.293959146827376
duycao8655,10.438140425259416
estridthelion,316.9723876859766
frosty_web3,140.43267934083804
Future24146,65.9482161799279
HarambeOnX,34.957548109727
Jkcrypto_123,14.064761781266087
kevinlilili98,289.6754001542492
linh180796,125.6069025996164
liushezhang,303.4656725410436
Live_2_Earn,216.90599123865016
MaraCakeHotSale,1855.6663580433717
PreciousCrypt01,0.9037612871911366
RahulKarth29923,169.06261487269776
Ru7Longcrypto,3439.449874408137
ryanli_me,79.9224642185129
SaintLee04,35.92622790443977
smqclaske,133.64836160413827
Syu990,265.5703527238868
taowang1,1060.265010224466
taozi0929,79.41043692623596
TheKimjim,206.64953340253504
tiCkr0x,127.5309159928561
web3probe,1000.5633061942972
0xDejun,53.35956242074407
0xPain__,161.14527878854636
0xZhao888,88.83386415330177
Ary_211,39.25021249238329
ben_frigon,104.90280923694355
ChanghaSeong,13.32216190521622
congphuc89_,10.771246779276998
creativeburne,272.1862991181649
Daan618crypto,64.04875951540797
DfiHrn,31.4844081146172
ducduongtran,2.0495318828788247
Duke_of_Defi,15.903125782684254
grapes_ova,23.956535239972755
gtofweb3,18.585466608587588
jack__400,1.949684488657237
JangBrian2,11.610729075784604
jinoim2,49.39867350293064
juicybitnina,5.475965189997538
keepgoingthat,22.11782668931882
killstoryyy,56.00361831489503
kuma3041,141.7994880185041
lahoholamy,31.64312356096814
Limu_mbm_,123.97873721811072
log_yun,58.5347546773542
Mohsen20Es,15.295003684166169
neon_isme,10.909637965477556
Panchu2605,138.7254816714533
pasankimchi,25.158556499771915
Silverhard_,100.77618324213944
SYther069,16.093379914649223
Tbrreadd,0.0
Trust_mit,23.667725113642
Wareez24434,34.34388771288702
Web3_Exper_t,106.86274314404989
winnercfc60702,4.854194058352581
WYdaGOAT,133.89478744569124
xzmugi,88.96723837539318
yjkang686510,42.288036142785145
ZibahTheCreator,29.79330145224564
zux_no,12.854948876501044
0xfrigg,292.4413196692332
0xNathanWalk,845.0104700855293
_Jamisky,484.9804518947077
cartist00,318.8151014744213
dilaw006,247.98889535994823
ivan_nomadz,302.64410923766025
JetXBT,249.98142491217183
John_ACW,409.7459756926232
Nickp_xxx,1570.827128546918
PeiChen01,95.21625734188969
shadowmakerxyz,571.7329280121784
Web3zy8,363.3976298556468
WinterSoldierxz,442.734586631273
Yiyixmb,277.34639284291075
0xBludex,147.29128758819894
0xMementoMori,868.3624083733941
0xTP91,160.54077741983502
100xDarren,931.0984622647884
3DMax_Virtuals,229.39047049099332
_RN03xx_,885.8721803264195
alina_creates,104.78956346839566
Banlife_eth,58.000824980927725
bobbyong,3661.8033534020265
catsfanatic0g,107.7757034401408
Chyan,1316.8200593317
condzxyz,1133.3338548130378
CottenIO,559.3149764081219
cryptoboys27,1403.082093861113
CryptoKatze,220.3669761492287
cryptokevin2011,149.7173846723095
Cryptotrissy,486.3584996964872
dankerwim,2315.972872809368
DegenApe99,2052.340382008712
efo_xx,173.83365916875078
ethermage,1997.9508484152525
evansWeb3Dev,284.4889013189678
game_for_one,6819.5747608589545
ghost93_x,4789.626768602129
goon_crypto,978.9863180161676
hananyss_,505.4710874037981
Hudah_Idiot,512.3883781282188
I_am_patrimonio,45.9568643386236
ike_crypt,235.03567114656025
JDHyper,849.9662555421733
kaylyn_0x,718.353682344319
Lennart_up,1034.39918642136
lugui_tillier,130.6189939114251
meta_alchemist,1773.961164713034
midoji7,635.8713401926841
mikocryptonft,481.8770911433886
miratisu_ps,282.959877174294
Nibel_eth,666.5165925776442
NickPlaysCrypto,1054.0158487797726
office2crypto,248.48027064975977
Pedr0_DC,1176.4441646829416
RareAxies,791.2292932985537
RingfencePhil,579.236838462537
sal_hotpot666,1771.1189135931786
SpikePersona,84.5703038679043
tD_0101,344.39069832530987
tengyanAI,5168.135155846348
theshikhai,479.5533557232287
theskynetxbt,33.98999436936649
tulipxbt,436.3326886502718
VaderResearch,4185.639145738424
VikingXBT,1481.514360952508
ViktorDefi,934.9464902851108
WhitGibbs,147.51807143055046
WittyChartGuy,730.4159124713383
ZaggyGoKrazy,742.093150649468
1Kaiweb3,179.10986167644063
Adellbah,180.25167312926
alhadji_ACE,26.33379316233607
ArunimaGanguly2,223.55191916809497
BallerDeGreat,97.8663418510588
bashorunedward,24.77441546112468
BitKing_1,112.31629015765456
CayXBT,14.309266475004764
checheluna3,51.816936235348585
ChukChain,37.42986618148802
cryptoAl123,16.750342271145733
CryptoSense_2,35.8489611615738
CryptoUKong,78.98689849940192
cukyn1812,195.7714379723908
damz_crypt,39.85893598649714
danivaweb3,212.2217241856457
dontbuytops,736.2225269903222
dreal_daisy,22.61597657459082
ElitePhub,20.78984844534192
FrancisJD13,22.06322592710517
HoudiniWizard,83.77395400845958
ifwayodeji,16.269238930410644
InfluencerDee,304.0676733589464
itsnikantoniou,53.61194658506219
Jimmyyweb3,27.91209118780832
ken_w3b3,233.5625037706167
kngweb3,66.54234615188128
LeadsTechX,44.11027320812766
Liquidwagmi,121.73118284311992
luisvae,188.75420386796063
Maidaboi01,43.03429617464946
MieWeb3,19.14298175490132
murkiwaters,576.8725882002213
Okpara081,419.9762761448541
oneboyinafrica,12.827665774330908
philippphaa,100.13999495756174
primenic_eth,776.1883145576272
rayhankoly46,20.217825308337265
sajid9989,191.6128821790278
Shivfreespirit,107.86236807995172
simcarrd,14.876036752583536
TONYWILLIAMS_X,21.64968848608164
Web3Eden01,122.67364193193023
wiliams0x,112.14477047614392
YuliWho,165.79805967189606
zordcrypt,328.6908327646481
0xsexybanana,4446.998323888496
asparagoid,1978.0368656870403
cryptolfggo,631.1284805075888
EnHeng456,5317.87182854527
Febers4,1078.8436373927636
fionaclairema,185.1053097863973
Lingersj,51.17078831385112
NaveenCypto,3427.476426970632
Neoo_Nav,1878.6611812433991
NewPaguinfo,475.9820269941101
PendleIntern,4023.149974807136
shawnchen_eth,912.478058653363
ViNc2453,1053.0496989266012
zk7hao,386.743487251136
0x0xyae,100.52504305628212
0xErbil,313.75289495645035
0xNing0x,2772.9819289946986
_incept1on,145.80036358634203
_yeminiz,44.11074586830353
bclaobai,361.854335597375
BlaqOppz,96.9946347224608
ChittiDinesh,29.52150721747643
Cody_DeFi,684.1636095062946
CristiC81,429.99316870121874
cryptocatsansa,87.29527887590659
dandanyx1122,261.93234101232565
Dcryptobaddie,20.9264236796114
derparsel,243.70236084881336
dorami404,58.45305099482294
DoubleHouseBTC,68.4524823767091
dov_wo,3381.4827347750283
DrPayFi,1287.5515282192775
EmmarkGadgets,326.1328660137382
fan128168,254.6217814221753
findocere,86.60611828288619
forcemis,26.72372778055609
HakanWinners,29.694965446232576
HuncleManny,48.57242596025554
jcmeowjc,198.85498519095583
jennn_sol,544.7320280826872
jussy_world,2884.257715976215
kvnqobi,51.04389730367927
loveitreal9,4.9960861352697234
mangusxbt,108.65572173087826
NotDogss,91.8926286815868
Omololu_issy,98.93322977831636
onchainyield,90.51899058695896
OrdiRums,41.46891041020385
PhenVentures,186.643774824779
sakenzfi,89.44739557546718
seansinian,241.26348523115053
sein_crypto,42.1825144388778
Sleek_yy,78.90757454229531
SolanaRap,73.77144928338473
SwannyNFT,109.6751505172834
TAhmed93,170.04941666866085
taofen_boy,331.0209386120622
timiondegen,107.60995917314312
TravelToEW,71.9763782957828
Tush736,103.3124263740728
yi_juanmao,428.8647295396677
zookieverse,86.156919538336
0xboosik,293.5281994318613
ADanmaigoro,239.60526726731192
bloomstarbms,1286.701916910525
BTC_Alert_,2087.100377668871
chowtato,876.7440027358725
CryptoBigHand,392.2270699651661
CryptoVonDoom,1432.7659231129253
Elizabethofyou,1953.0362521253612
heedan123,31.579999957792623
HottieBabeGem,319.0547897065869
iamgaurangdesai,2111.0798436961813
Maxi_cho,283.9550244415218
nftboi_,4124.083908141831
nordin_eth,337.65344665497935
OKxiaohai,1987.1453437955552
Orange0rangutan,374.2033351915432
panamaXBT,1449.5279567068503
ROKMCFIREANT,348.5592429682057
tehMoonwalkeR,1009.6090489083282
0x_nun,4.844124634916173
0xLcrgs,514.5404461891994
0xleegenz,328.57416250421375
0xmelisaa,111.74801210735608
_kidrah_24,120.772039737869
ann_imoagene,0.861615182082634
bigZUKO_,362.50839374974487
ddazmon,423.9819979342108
Delztheplug,243.5337867075849
DigiTektrades,360.9608972246654
diyyaaaaaa30,23.95576024186145
henryprospero01,9.8307131693539
investor__nba,0.0
jungsama1101,57.40217554274884
Kevinscott912,12.314495569801766
lgrowingupl,11.726785380104646
Malvinsdev,4.760524566797276
muslima_sol,85.2386001170781
nakul___gupta,3.1213151824180683
patildoteth,0.4757773861788106
pedro_verdades,263.47699716900297
rayafam3,15.200271523623051
raysonsiosol,204.4851121478741
rezatb13,116.59543021270616
RICEWINE77,109.67729503413392
rishav876,2.489450345758505
RitumbharaB,63.09671608665524
Shaaran5,42.88609463830331
shynxbt,193.98038277951335
Stopthefire01,445.43256487906086
SylvesterSolid,314.98786516752267
t0_god,221.68293663332696
therealetinosa1,0.7163627041437632
theweb3joker36,0.0
uncoolprecious,3.97557825791352
0xZodex,110.13004252669462
_oxjayy,19.066183967592863
A_Lacastar,38.31841710424896
AJ_MultiChain,104.35547743553325
Artistkatty_,197.70142318828724
BenYorke,1036.978814769318
Bikkybroz,6.534980877746928
brandonkz,109.69719448828624
CandyJJJJJ,57.17116964078684
ChampAlphaX,25.765136184634144
Constant819,12.05771784305501
crushed72,6.660653616917083
Crypt0Fave,111.758125600022
crypto_creed1,31.218002829941103
Cryptobabe5969,19.95416105816605
D_blue_Sol,4.566042124305394
Defikeen,19.48231576955284
Dhanielfx1,74.93175634125376
dndevan_,61.36998558783598
draken_crypto10,3.584281547920146
dubby__3th,87.64160279681809
Duldul_Capital,143.3585329353967
freewayOnchain,32.133593515401856
gMAKcrypto,463.4592173525168
iceburger_I,6.894431241887312
invbillionz,75.02105253945325
JudyWeb3_,16.711975506031678
Justin_The_Mind,122.80513361911326
ler_oyy,26.31182074501808
MaryofWeb3,16.80633233890955
mimsz0,51.62924159978731
Mohito234,3.4027042491290795
muhammad_s67820,0.0
nonceXBT,395.4742220287674
onlyoneiszy,52.27511092980275
Oxkelx,73.1563828890496
peiopeixiao,236.74926119437256
ranyi1115,255.86881881346093
sanamsaraff,48.60014831787073
satswassie,439.3799707915747
Sejo_LB,41.12491970308238
SERENFT3,39.44126925981471
seven_Jhan,217.7430510107688
Stephcryptt,27.06109884917652
Thatweb3Umar,13.174152181905065
The__Solstice,3297.7143443961386
twMoonBoy,330.79097522477485
Valtkey,5.7916199366025545
web3girlsarah,6.655176754964908
WreckedCapital,103.95595795146636
Yemiola_eth,17.687497754543568
YOYO_uu9,134.16097835433268
0z1_x,4.834290816792575
__lordfaith,384.35523956971
bcs_bbt,223.52632909872253
Berry_Sooll,264.727845128845
bigironchris,518.8743946623439
DRPC777,246.4210939511186
Fijacyber_,50.69204673742393
GadgetLeo,252.2879025811762
he3is_,72.69271970785218
iamyoungjohnn,219.94640932398232
Incenzee,373.322024610048
katsveth,390.37826492989393
mrbeardjo,431.74762916976033
sirsamjenks,124.75520401400368
x01punk,0.0
0xairtx,2461.103580666012
0xd34th,334.3640929699683
0xEM3KA,107.06277042090144
0xYuxi,630.4296167449493
_Kriptopia,272.0286618237567
_smbrian,376.40826978420927
_smkotaro,117.45769266988756
BL0CKRUNNER,345.1155075690912
Bullishify,56.688496587073885
DAHHEADBOY,365.3416555539097
defi_funds1,53.31402082035513
Ghenghiskhaan,122.30392691416836
ImozemhePeniel,151.8337310582031
irvinxyz,1170.9252091320452
iv_dev3,20.299460632755803
JiamigouCn,849.5297451384112
JoshuaOrhue_,192.89076790471452
juzybits,316.6819250927502
KaMiaoRich,205.6154710390182
L3O_NGO,142.39729909502478
lianyanshe,1583.8184489432074
liebe19_,128.65764970718558
martypartymusic,6839.317639198856
matteodotsui,951.0757706552494
MrBreadSmith,359.4186090549632
Nifaribs,141.96164080131288
Ossybadman,14.299762296439525
pendingbilonia,435.8316174230876
PhamHauVan103,10.891270527577722
Seasui23,235.52312801172917
Stoicsui,356.2989373626052
sunominq,63.09888668211719
tgd_duu,146.29865114370884
uiuxweb,231.67647341492307
xiaoayi1997,186.3232570629796
Zevweb3,205.67276280693696
